Workbook

Sheet 법인카드
A1: 1. 법인카드 정산 마감
A2: - 마감시한: 익월 10일(사전 경고 후 법인카드 한도 조정)
A3: - 전표입력: 개인별 이용내역조회 시트는 마감일 3일이내 업데이트 → 권나영과장요청
A4: 2. 현금영수증
A5: - 계좌이체나 현금사용 시 증빙은 개인으로 하지마시고, '사업자지출증빙'으로 발급(주식회사 휴바이오켐 648-81-03114)
A6: 3. 간이계산서
A7: - 간이영수증을 받아야 하는 경우는 '3만원 한도'
A8: 4. 세금계산서
A9: - 세금계산서는 익월 10일에 마감되니, 가급적 거래완료 후 바로 발급요청
A10: 5. 영수증 실물 제출
A11: - 개인카드영수증: 미제출 시 비용정산 불가
A12: - 법인카드영수증: 마트 및 편의점 구매영수증(금액과 상관없이 의무 제출 - 구매내역 포함), 일반 구매영수증 10만원 이상 영수증
... A14: - 유가증권: 상품권, 기프티콘(단, 사전 기안에 의한 승인 시 가능, 반드시 상품권수령동의서 제출 필요)
A19: 날짜 | C19: 법인 or 개인 | D19: 카드 or 현금 | E19: 내역 | F19: 지 출 금 액 | J19: 거래처 | L19: 적요 | M19: 상호 | N19: 비고 | O19: 담당자
F20: 법인카드 | G20: 법인현금 | H20: 개인카드 | I20: 개인현금
F21: =F22+H22 -> 1103898 | J21: 상호 | K21: 담당자
A22: 월 | B22: 일 | F22: =F23+G23 -> 1103898 | H22: =SUM(H23:I23) -> 0
F23: =SUM(F142:F163) -> 1103898 | G23: =SUM(G24:G53) -> 0 | H23: =SUM(H24:H53) -> 0 | I23: =SUM(I24:I53) -> 0
A24: =MID(#REF!, 6, 2) -> #REF! | B24: =MID(#REF!, 9, 2) -> #REF! | C24: 법인 | D24: 카드 | E24: 식대 | F24: =#REF! -> #REF! | L24: 석식 (권영태, 남상민) | M24: 한국맥도날드(유)
A25: =MID(#REF!, 6, 2) -> #REF! | B25: =MID(#REF!, 9, 2) -> #REF! | C25: 법인 | D25: 카드 | E25: 식대 | F25: =#REF! -> #REF! | L25: 중식 (권영태, 남상민) | M25: 진국설렁탕
A26: =MID(#REF!, 6, 2) -> #REF! | B26: =MID(#REF!, 9, 2) -> #REF! | C26: 법인 | D26: 카드 | E26: 교통비 | F26: =#REF! -> #REF! | L26: 출근 택시비 | M26: 로카모빌리티택시_0
A27: =MID(#REF!, 6, 2) -> #REF! | B27: =MID(#REF!, 9, 2) -> #REF! | C27: 법인 | D27: 카드 | E27: 식대 | F27: =#REF! -> #REF! | L27: 출장 점심 | M27: 아모제푸드(주)인천공항점
A28: =MID(#REF!, 6, 2) -> #REF! | B28: =MID(#REF!, 9, 2) -> #REF! | C28: 법인 | D28: 카드 | E28: 교통비 | F28: =#REF! -> #REF! | L28: 출장 복귀 택시비 | M28: 티머니개인택시(K)1
A29: =MID(#REF!, 6, 2) -> #REF! | B29: =MID(#REF!, 9, 2) -> #REF! | C29: 법인 | D29: 카드 | E29: 식대 | F29: =#REF! -> #REF! | L29: 중식 (남상민, 권나영) | M29: 다락회전초밥
A30: =MID(#REF!, 6, 2) -> #REF! | B30: =MID(#REF!, 9, 2) -> #REF! | C30: 법인 | D30: 카드 | E30: 소모품 | F30: =#REF! -> #REF! | L30: 장갑 구입 | M30: (주)컴투프리테크 당산지점
A31: =MID(#REF!, 6, 2) -> #REF! | B31: =MID(#REF!, 9, 2) -> #REF! | C31: 법인 | D31: 카드 | E31: 식대 | F31: =#REF! -> #REF! | L31: 중식 (남상민, 권나영) | M31: 본리왕뼈해장국
A32: =MID(#REF!, 6, 2) -> #REF! | B32: =MID(#REF!, 9, 2) -> #REF! | C32: 법인 | D32: 카드 | E32: 식대 | F32: =#REF! -> #REF! | L32: 중식 (남상민, 권나영) | M32: 신사부대찌개&품격삼겹살
A33: =MID(#REF!, 6, 2) -> #REF! | B33: =MID(#REF!, 9, 2) -> #REF! | C33: 법인 | D33: 카드 | E33: 소프트웨어 구매 | F33: =#REF! -> #REF! | L33: MS Office 사용료 | M33: MICROSOFT-G098642730
A34: =MID(#REF!, 6, 2) -> #REF! | B34: =MID(#REF!, 9, 2) -> #REF! | C34: 법인 | D34: 카드 | E34: 식대 | F34: =#REF! -> #REF! | L34: 출장 중식 (남상민) | M34: 국수나무 당산SK점 | O34: 남상민
A35: =MID(#REF!, 6, 2) -> #REF! | B35: =MID(#REF!, 9, 2) -> #REF! | C35: 법인 | D35: 카드 | E35: 식대 | F35: =#REF! -> #REF! | L35: 출장 중식 (남상민) | M35: 국수나무 당산SK점 | O35: 남상민
A36: =MID(#REF!, 6, 2) -> #REF! | B36: =MID(#REF!, 9, 2) -> #REF! | C36: 법인 | D36: 카드 | E36: 식대 | F36: =#REF! -> #REF! | L36: 석식 (권영태, 남상민, 김민재) | M36: 상하이몽 | O36: 남상민
A37: =MID(#REF!, 6, 2) -> #REF! | B37: =MID(#REF!, 9, 2) -> #REF! | C37: 법인 | D37: 카드 | E37: 식대 | F37: =#REF! -> #REF! | L37: 중식 (양도영, 남상민, 김민재) | M37: 일번지비빔국수 서충주점 | O37: 남상민
A38: =MID(#REF!, 6, 2) -> #REF! | B38: =MID(#REF!, 9, 2) -> #REF! | C38: 법인 | D38: 카드 | E38: 식대 | F38: =#REF! -> #REF! | L38: 중식 (권영태, 남상민, 김민재) | M38: 태태식당 | O38: 남상민
A39: =MID(#REF!, 6, 2) -> #REF! | B39: =MID(#REF!, 9, 2) -> #REF! | C39: 법인 | D39: 카드 | E39: 간식 | F39: =#REF! -> #REF! | L39: 음료(남상민, 권나영) | M39: 바나프레소당산SK점 | O39: 남상민
A40: =MID(#REF!, 6, 2) -> #REF! | B40: =MID(#REF!, 9, 2) -> #REF! | C40: 법인 | D40: 카드 | E40: 식대 | F40: =#REF! -> #REF! | L40: 중식 (남상민) | M40: 산뽀갈땐김밥 | O40: 남상민
A41: =MID(#REF!, 6, 2) -> #REF! | B41: =MID(#REF!, 9, 2) -> #REF! | C41: 법인 | D41: 카드 | E41: 식대 | F41: =#REF! -> #REF! | L41: 중식(텔콘 정다운, 텔콘 양희준, 남상민) | M41: 중앙탑한우 | O41: 남상민
A42: =MID(#REF!, 6, 2) -> #REF! | B42: =MID(#REF!, 9, 2) -> #REF! | C42: 법인 | D42: 카드 | E42: 숙박비 | F42: =#REF! -> #REF! | L42: 텔콘 출장 숙박 (남상민) | M42: 리베파크 | O42: 남상민
A43: =MID(#REF!, 6, 2) -> #REF! | B43: =MID(#REF!, 9, 2) -> #REF! | C43: 법인 | D43: 카드 | E43: 식대 | F43: =#REF! -> #REF! | L43: 석식 (남상민, 김민재) | M43: 쿠팡이츠_쿠팡이츠_나이스 | O43: 남상민
A44: =MID(#REF!, 6, 2) -> #REF! | B44: =MID(#REF!, 9, 2) -> #REF! | C44: 법인 | D44: 카드 | E44: 식대 | F44: =#REF! -> #REF! | L44: 중식 (권영태, 남상민, 김민재) | M44: 김둘레순대국 | O44: 남상민
A45: =MID(#REF!, 6, 2) -> #REF! | B45: =MID(#REF!, 9, 2) -> #REF! | C45: 법인 | D45: 카드 | E45: 식대 | F45: =#REF! -> #REF! | L45: 석식 (남상민, 김민재) | M45: 쿠팡이츠_쿠팡이츠_KCP | O45: 남상민
... A51: =MID(#REF!, 6, 2) -> #REF! | B51: =MID(#REF!, 9, 2) -> #REF! | C51: 법인 | D51: 카드 | E51: 소프트웨어 구매 | F51: =#REF! -> #REF! | L51: MS Office 사용료 | M51: MICROSOFT-G103849433 | O51: 남상민
A52: =MID(#REF!, 6, 2) -> #REF! | B52: =MID(#REF!, 9, 2) -> #REF! | C52: 법인 | D52: 카드 | E52: 식대 | F52: =#REF! -> #REF! | L52: 중식 (남상민, 김민재) | M52: =#REF! -> #REF! | O52: 남상민
A53: =MID(#REF!, 6, 2) -> #REF! | B53: =MID(#REF!, 9, 2) -> #REF! | C53: 법인 | D53: 카드 | E53: 식대 | F53: =#REF! -> #REF! | L53: 야근 석식 (권영태, 남상민, 김민재) | M53: =#REF! -> #REF! | O53: 남상민
A54: =MID(#REF!, 6, 2) -> #REF! | B54: =MID(#REF!, 9, 2) -> #REF! | C54: 법인 | D54: 카드 | E54: 여권/비자 | F54: =#REF! -> #REF! | L54: ESTA 전자여행허가 신청 수수료 | M54: =#REF! -> #REF! | O54: 남상민
A55: =MID(#REF!, 6, 2) -> #REF! | B55: =MID(#REF!, 9, 2) -> #REF! | C55: 법인 | D55: 카드 | E55: 식대 | F55: =#REF! -> #REF! | L55: 야근 석식 (남상민) | M55: =#REF! -> #REF! | O55: 남상민
A56: =MID(#REF!, 6, 2) -> #REF! | B56: =MID(#REF!, 9, 2) -> #REF! | C56: 법인 | D56: 카드 | E56: 식대 | F56: =#REF! -> #REF! | L56: 중식 (권영태, 남상민) | M56: =#REF! -> #REF! | O56: 남상민
A57: =MID(#REF!, 6, 2) -> #REF! | B57: =MID(#REF!, 9, 2) -> #REF! | C57: 법인 | D57: 카드 | E57: 주차비 | F57: =#REF! -> #REF! | L57: 성수 짐정리 (권영태) | M57: =#REF! -> #REF! | O57: 남상민
A58: =MID(#REF!, 6, 2) -> #REF! | B58: =MID(#REF!, 9, 2) -> #REF! | C58: 법인 | D58: 카드 | E58: 소모품 | F58: =#REF! -> #REF! | L58: 벨크로 타이 구매 | M58: =#REF! -> #REF! | O58: 남상민
A59: =MID(#REF!, 6, 2) -> #REF! | B59: =MID(#REF!, 9, 2) -> #REF! | C59: 법인 | D59: 카드 | E59: 소모품 | F59: =#REF! -> #REF! | L59: UTP케이블 구매 | M59: =#REF! -> #REF! | O59: 남상민
A60: =MID(#REF!, 6, 2) -> #REF! | B60: =MID(#REF!, 9, 2) -> #REF! | C60: 법인 | D60: 카드 | E60: 식대 | F60: =#REF! -> #REF! | L60: 텔콘 출장 석식 (남상민, 김민재) | M60: =#REF! -> #REF! | O60: 남상민
A61: =MID(#REF!, 6, 2) -> #REF! | B61: =MID(#REF!, 9, 2) -> #REF! | C61: 법인 | D61: 카드 | E61: 숙박비 | F61: =#REF! -> #REF! | L61: 텔콘 출장 숙박 (남상민, 김민재) | M61: =#REF! -> #REF! | O61: 남상민
A62: =MID(#REF!, 6, 2) -> #REF! | B62: =MID(#REF!, 9, 2) -> #REF! | C62: 법인 | D62: 카드 | E62: 식대 | F62: =#REF! -> #REF! | L62: 텔콘 출장 석식 (남상민, 김민재) | M62: =#REF! -> #REF! | O62: 남상민
A63: =MID(#REF!, 6, 2) -> #REF! | B63: =MID(#REF!, 9, 2) -> #REF! | C63: 법인 | D63: 카드 | E63: 숙박비 | F63: =#REF! -> #REF! | L63: 텔콘 출장 숙박 (남상민, 김민재) | M63: =#REF! -> #REF! | O63: 남상민
... A120: =MID(#REF!, 6, 2) -> #REF! | B120: =MID(#REF!, 9, 2) -> #REF! | C120: 법인 | D120: 카드 | E120: 식대 | F120: =#REF! -> #REF! | L120: 중식 (남상민, 김민재, 권나영) | M120: =#REF! -> #REF! | O120: 남상민
A121: =MID([1]이용내역조회!B2, 6, 2) -> 12 | B121: =MID([1]이용내역조회!B2, 9, 2) -> 02 | C121: 법인 | D121: 카드 | E121: 식대 | F121: =[1]이용내역조회!K2 -> 38600 | L121: 중식 (남상민, 김민재, 권나영) | M121: 국수나무당산SK점 | O121: 남상민
A122: =MID([1]이용내역조회!B3, 6, 2) -> 12 | B122: =MID([1]이용내역조회!B3, 9, 2) -> 02 | C122: 법인 | D122: 카드 | E122: 소프트웨어 구매 | F122: =[1]이용내역조회!K3 -> 84160 | L122: PDF 편집기 이용료 | M122: PDFE.COM* 4327859 | O122: 남상민
A123: =MID([1]이용내역조회!B4, 6, 2) -> 12 | B123: =MID([1]이용내역조회!B4, 9, 2) -> 04 | C123: 법인 | D123: 카드 | E123: 식대 | F123: =[1]이용내역조회!K4 -> 11500 | L123: 출장 중식 식대(남상민) | M123: 오산휴게소 과천 우림개발㈜ | O123: 남상민
A124: =MID([1]이용내역조회!B5, 6, 2) -> 12 | B124: =MID([1]이용내역조회!B5, 9, 2) -> 04 | C124: 법인 | D124: 카드 | E124: 소프트웨어 구매 | F124: =[1]이용내역조회!K5 -> 84160 | L124: PDF 편집기 이용료(12월분 환불) | M124: PDFE.COM* 4327859 | O124: 남상민
A125: =MID([1]이용내역조회!B6, 6, 2) -> 12 | B125: =MID([1]이용내역조회!B6, 9, 2) -> 04 | C125: 법인 | D125: 카드 | E125: 소프트웨어 구매 | F125: =[1]이용내역조회!K6 -> 84314 | L125: PDF 편집기 이용료(1월분 환불) | M125: PDFE.COM* 4327859 | O125: 남상민
A126: =MID([1]이용내역조회!B7, 6, 2) -> 12 | B126: =MID([1]이용내역조회!B7, 9, 2) -> 05 | C126: 법인 | D126: 카드 | E126: 식대 | F126: =[1]이용내역조회!K7 -> 10500 | L126: 중식 식대 (남상민) | M126: 국수나무당산SK점 | O126: 남상민
A127: =MID([1]이용내역조회!B8, 6, 2) -> 12 | B127: =MID([1]이용내역조회!B8, 9, 2) -> 12 | C127: 법인 | D127: 카드 | E127: 영업비 | F127: =[1]이용내역조회!K8 -> 554927 | L127: 주류 구입 | M127: CHINA DUTY FREE GROUP | O127: 남상민
A128: =MID([1]이용내역조회!B9, 6, 2) -> 12 | B128: =MID([1]이용내역조회!B9, 9, 2) -> 15 | C128: 법인 | D128: 카드 | E128: 식대 | F128: =[1]이용내역조회!K9 -> 20400 | L128: 중식 (남상민, 김민재) | M128: 국수나무당산SK점 | O128: 남상민
A129: =MID([1]이용내역조회!B10, 6, 2) -> 12 | B129: =MID([1]이용내역조회!B10, 9, 2) -> 16 | C129: 법인 | D129: 카드 | E129: 식대 | F129: =[1]이용내역조회!K10 -> 21000 | L129: 중식 (권영태, 남상민) | M129: 장터해장국 | O129: 남상민
A130: =MID([1]이용내역조회!B11, 6, 2) -> 12 | B130: =MID([1]이용내역조회!B11, 9, 2) -> 17 | C130: 법인 | D130: 카드 | E130: 식대 | F130: =[1]이용내역조회!K11 -> 19800 | L130: 중식 (남상민, 김민재) | M130: 태태식당 | O130: 남상민
A131: =MID([1]이용내역조회!B12, 6, 2) -> 12 | B131: =MID([1]이용내역조회!B12, 9, 2) -> 17 | C131: 법인 | D131: 카드 | E131: 지급수수료 | F131: =[1]이용내역조회!K12 -> 330000 | L131: 구인공고 등록비용 | M131: 잡코리아(유)_(주)이니시스(쇼핑 | O131: 남상민
A132: =MID([1]이용내역조회!B13, 6, 2) -> 12 | B132: =MID([1]이용내역조회!B13, 9, 2) -> 19 | C132: 법인 | D132: 카드 | E132: 식대 | F132: =[1]이용내역조회!K13 -> 9000 | L132: 중식 (남상민) | M132: 24시감자탕 | O132: 남상민
... A163: =MID([1]이용내역조회!B44, 6, 2) -> 01 | B163: =MID([1]이용내역조회!B44, 9, 2) -> 28 | C163: 법인 | D163: 카드 | E163: 식대 | F163: =[1]이용내역조회!K44 -> 44000 | L163: 중식(남상민, 최정연, 김민재, 황지원) | M163: 네이버페이 | O163: 남상민
A164: =MID([1]이용내역조회!B45, 6, 2) -> 02 | B164: =MID([1]이용내역조회!B45, 9, 2) -> 01 | C164: 법인 | D164: 카드 | F164: =[1]이용내역조회!K45 -> 25900 | M164: =[1]이용내역조회!H45 -> 쿠팡(쿠페이)_엔에이치엔케이씨 | O164: 남상민
A165: =MID([1]이용내역조회!B46, 6, 2) -> 02 | B165: =MID([1]이용내역조회!B46, 9, 2) -> 01 | C165: 법인 | D165: 카드 | F165: =[1]이용내역조회!K46 -> 599000 | M165: =[1]이용내역조회!H46 -> 네이버페이 | O165: 남상민
A166: =MID([1]이용내역조회!B47, 6, 2) -> 02 | B166: =MID([1]이용내역조회!B47, 9, 2) -> 01 | C166: 법인 | D166: 카드 | F166: =[1]이용내역조회!K47 -> 131970 | M166: =[1]이용내역조회!H47 -> 쿠팡(쿠페이)_쿠팡(쿠페이)_KICC | O166: 남상민
A167: =MID([1]이용내역조회!B48, 6, 2) -> 02 | B167: =MID([1]이용내역조회!B48, 9, 2) -> 02 | C167: 법인 | D167: 카드 | F167: =[1]이용내역조회!K48 -> 48300 | M167: =[1]이용내역조회!H48 -> 티로아 | O167: 남상민
A168: =MID([1]이용내역조회!B49, 6, 2) -> 02 | B168: =MID([1]이용내역조회!B49, 9, 2) -> 03 | C168: 법인 | D168: 카드 | F168: =[1]이용내역조회!K49 -> 8900 | M168: =[1]이용내역조회!H49 -> 쿠팡(쿠페이)_엔에이치엔케이씨 | O168: 남상민
A169: =MID([1]이용내역조회!B50, 6, 2) -> 02 | B169: =MID([1]이용내역조회!B50, 9, 2) -> 04 | C169: 법인 | D169: 카드 | F169: =[1]이용내역조회!K50 -> 32000 | M169: =[1]이용내역조회!H50 -> 쌀쌀맞은닭문래점 | O169: 남상민
A170: =MID([1]이용내역조회!B45, 6, 2) -> 02 | B170: =MID([1]이용내역조회!B45, 9, 2) -> 01 | C170: 법인 | D170: 카드 | F170: =[1]이용내역조회!K51 -> 20000 | M170: =[1]이용내역조회!H51 -> 월하정 | O170: 남상민
A171: =MID([1]이용내역조회!B46, 6, 2) -> 02 | B171: =MID([1]이용내역조회!B46, 9, 2) -> 01 | C171: 법인 | D171: 카드 | F171: =[1]이용내역조회!K52 -> 7000 | M171: =[1]이용내역조회!H52 -> (사)국제라이온스협회354-A | O171: 남상민
A172: =MID([1]이용내역조회!B47, 6, 2) -> 02 | B172: =MID([1]이용내역조회!B47, 9, 2) -> 01 | C172: 법인 | D172: 카드 | F172: =[1]이용내역조회!K53 -> 246408 | M172: =[1]이용내역조회!H53 -> OPENAI *CHATGPT SUBSCR | O172: 남상민
A173: =MID([1]이용내역조회!B48, 6, 2) -> 02 | B173: =MID([1]이용내역조회!B48, 9, 2) -> 02 | C173: 법인 | D173: 카드 | F173: =[1]이용내역조회!K54 -> 10000 | M173: =[1]이용내역조회!H54 -> 충주(상)휴게소 ㈜부자 | O173: 남상민
A174: =MID([1]이용내역조회!B49, 6, 2) -> 02 | B174: =MID([1]이용내역조회!B49, 9, 2) -> 03 | C174: 법인 | D174: 카드 | F174: =[1]이용내역조회!K55 -> 21500 | M174: =[1]이용내역조회!H55 -> 가락곰칼국수_키오스크(2)_코페 | O174: 남상민
A175: =MID([1]이용내역조회!B50, 6, 2) -> 02 | B175: =MID([1]이용내역조회!B50, 9, 2) -> 04 | C175: 법인 | D175: 카드 | F175: =[1]이용내역조회!K56 -> 40000 | M175: =[1]이용내역조회!H56 -> 월하정 | O175: 남상민
A176: =MID([1]이용내역조회!B51, 6, 2) -> 02 | B176: =MID([1]이용내역조회!B51, 9, 2) -> 05 | C176: 법인 | D176: 카드 | F176: =[1]이용내역조회!K57 -> 22000 | M176: =[1]이용내역조회!H57 -> 강창구찹쌀진순대 영등포에이스 | O176: 남상민
A177: =MID([1]이용내역조회!B52, 6, 2) -> 02 | B177: =MID([1]이용내역조회!B52, 9, 2) -> 06 | C177: 법인 | D177: 카드 | F177: =[1]이용내역조회!K58 -> 39500 | M177: =[1]이용내역조회!H58 -> 가락곰칼국수_키오스크(2)_코페 | O177: 남상민
A178: =MID([1]이용내역조회!B53, 6, 2) -> 02 | B178: =MID([1]이용내역조회!B53, 9, 2) -> 08 | C178: 법인 | D178: 카드 | F178: =[1]이용내역조회!K59 -> 42000 | M178: =[1]이용내역조회!H59 -> 주식회사 카카오모빌리티_카카오 | O178: 남상민
A179: =MID([1]이용내역조회!B54, 6, 2) -> 02 | B179: =MID([1]이용내역조회!B54, 9, 2) -> 09 | C179: 법인 | D179: 카드 | F179: =[1]이용내역조회!K60 -> 30000 | M179: =[1]이용내역조회!H60 -> 밥샵 | O179: 남상민
A180: =MID([1]이용내역조회!B55, 6, 2) -> 02 | B180: =MID([1]이용내역조회!B55, 9, 2) -> 10 | C180: 법인 | D180: 카드 | F180: =[1]이용내역조회!K61 -> 23000 | M180: =[1]이용내역조회!H61 -> 일품양평해장국 뚝섬역점 | O180: 남상민
A181: =MID([1]이용내역조회!B56, 6, 2) -> 02 | B181: =MID([1]이용내역조회!B56, 9, 2) -> 13 | C181: 법인 | D181: 카드 | F181: =[1]이용내역조회!K62 -> 21000 | M181: =[1]이용내역조회!H62 -> 주식회사 카카오모빌리티_카카오 | O181: 남상민
... A186: =MID([1]이용내역조회!B61, 6, 2) -> 02 | B186: =MID([1]이용내역조회!B61, 9, 2) -> 22 | C186: 법인 | D186: 카드 | F186: =[1]이용내역조회!K67 -> 19907 | M186: =[1]이용내역조회!H67 -> MICROSOFT-G142979527 | O186: 남상민
A187: =MID(#REF!, 6, 2) -> #REF! | B187: =MID(#REF!, 9, 2) -> #REF! | C187: 법인 | D187: 카드 | F187: =[1]이용내역조회!K68 -> 0 | O187: 남상민
A188: =MID(#REF!, 6, 2) -> #REF! | B188: =MID(#REF!, 9, 2) -> #REF! | C188: 법인 | D188: 카드 | F188: =[1]이용내역조회!K69 -> 0 | O188: 남상민
A189: =MID(#REF!, 6, 2) -> #REF! | B189: =MID(#REF!, 9, 2) -> #REF! | C189: 법인 | D189: 카드 | F189: =[1]이용내역조회!K70 -> 0 | O189: 남상민
A190: =MID(#REF!, 6, 2) -> #REF! | B190: =MID(#REF!, 9, 2) -> #REF! | C190: 법인 | D190: 카드 | F190: =[1]이용내역조회!K71 -> 0 | O190: 남상민
A191: =MID(#REF!, 6, 2) -> #REF! | B191: =MID(#REF!, 9, 2) -> #REF! | C191: 법인 | D191: 카드 | F191: =[1]이용내역조회!K72 -> 0 | O191: 남상민
A192: =MID(#REF!, 6, 2) -> #REF! | B192: =MID(#REF!, 9, 2) -> #REF! | C192: 법인 | D192: 카드 | F192: =[1]이용내역조회!K73 -> 0 | O192: 남상민
A193: =MID(#REF!, 6, 2) -> #REF! | B193: =MID(#REF!, 9, 2) -> #REF! | C193: 법인 | D193: 카드 | F193: =[1]이용내역조회!K74 -> 0 | O193: 남상민
A194: =MID(#REF!, 6, 2) -> #REF! | B194: =MID(#REF!, 9, 2) -> #REF! | C194: 법인 | D194: 카드 | F194: =[1]이용내역조회!K75 -> 0 | O194: 남상민
A195: =MID(#REF!, 6, 2) -> #REF! | B195: =MID(#REF!, 9, 2) -> #REF! | C195: 법인 | D195: 카드 | F195: =[1]이용내역조회!K76 -> 0 | O195: 남상민
A196: =MID(#REF!, 6, 2) -> #REF! | B196: =MID(#REF!, 9, 2) -> #REF! | C196: 법인 | D196: 카드 | F196: =[1]이용내역조회!K77 -> 0 | O196: 남상민
A197: =MID(#REF!, 6, 2) -> #REF! | B197: =MID(#REF!, 9, 2) -> #REF! | C197: 법인 | D197: 카드 | F197: =[1]이용내역조회!K78 -> 0 | O197: 남상민
A198: =MID(#REF!, 6, 2) -> #REF! | B198: =MID(#REF!, 9, 2) -> #REF! | C198: 법인 | D198: 카드 | F198: =[1]이용내역조회!K79 -> 0 | O198: 남상민
... A220: =MID(#REF!, 6, 2) -> #REF! | B220: =MID(#REF!, 9, 2) -> #REF! | C220: 법인 | D220: 카드 | F220: =[1]이용내역조회!K101 -> 0 | O220: 남상민
A221: =MID(#REF!, 6, 2) -> #REF! | C221: 법인 | D221: 카드 | F221: =[1]이용내역조회!K102 -> 0 | O221: 남상민
...

Sheet Sheet1
